parkCode,cashless,contentOrderOrdinals,customFeeDescription,customFeeHeading,customFeeLinkText,customFeeLinkUrl,entranceFeeDescription,entrancePassDescription,fees,feesAtWorkUrl,isFeeFreePark,isInteragencyPassAccepted,isParkingFeePossible,isParkingOrTransportationFeePossible,paidParkingDescription,paidParkingHeading,parkCode,parkingDetailsUrl,passes,relatedMultiSitePasses,timedEntryDescription,timedEntryHeading
abli,No,"{'entranceFee': 1, 'timedEntry': 1, 'paidParking': 1, 'customFee': 4}",,,,,"Abraham Lincoln Birthplace National Historical Park is free, and has no associated fees.","Abraham Lincoln Birthplace National Historical Park is free, and does not require an entrance pass.",[],,True,False,False,False,,,abli,,[],[],,
acad,Depends on Location,"{'entranceFee': 1, 'timedEntry': 2, 'paidParking': 3, 'customFee': 4}",,,,,"A park entrance pass is required year-round at Acadia National Park. All vehicles must display a pass clearly visible through the windshield. Display federal lands passes, such as annual and military passes, on your dashboard with the signature and expiration date facing up. Passes are non-transferable and passholder must be present. A separate vehicle reservation is also required to drive Cadillac Summit Road from mid-May into October. Vehicle reservations are only sold online in advance and are not available for purchase at the park. In addition to NPS locations in visitor centers and campgrounds, entrance passes are also available for purchase in-person at third-party sellers. These locations are not operated by the NPS and do not offer federal lands passes -- * Jordan Pond Gift Shop * Acadia Regional Chamber of Commerce at Thompson Island * Bar Harbor Chamber of Commerce, Cottage Street * Ellsworth Chamber of Commerce * Mount Desert Chamber of Commerce * Southwest Harbor/Tremont Chamber of Commerce","A park entrance pass is required year-round. All vehicles must display a pass clearly visible through the windshield. Display federal lands passes, such as annual and military passes, on your dashboard with the signature and expiration date facing up. Passes are non-transferable and passholder must be present.","[{'entranceFeeType': 'Timed Entry Reservation - Location', 'startDate': {'month': 5, 'holiday': None, 'day': 22}, 'paymentDescription': 'Vehicle reservations cost $6. They are only sold online in advance at Recreation.gov. They are not available for purchase at the park. In addition to purchasing a vehicle reservation for Cadillac Summit Road, vehicles must display a park entrance pass through the windshield. Park entrance passes are available at the park or online at Recreation.gov. Print or save a digital copy of the QR Code that comes with the vehicle reservation confirmation email. It will be scanned to verify the reservation.', 'recGovPurchaseUrl': 'https://www.recreation.gov/timed-entry/400000', 'timedEntryLocation': 'Cadillac Summit Road Vehicle Reservations', 'endDate': {'month': 10, 'holiday': None, 'day': 27}, 'exceptions': '', 'payGovPurchaseUrl': '', 'cost': '6.00', 'timedEntryShortDescription': 'Required to drive Cadillac Summit Road', 'description': 'Vehicle reservations are not required for any other areas of the park, or for visitors who enter the area by foot, bike, or taxi. Vehicle reservations provide a timed entry, but do not require a departure time until 10 pm, when the road closes to vehicles. Reservations do not permit re-entry. Reservations are per vehicle, not per person. Reservations do not assign a specific parking space. Parking is prohibited outside of designated spaces. Cadillac is not served by the Island Explorer bus system.', 'informationUrl': 'https://www.nps.gov/acad/planyourvisit/vehicle_reservations.htm', 'id': 'B0ACE361-8899-4098-A238-18BA39FD67C2', 'npsGovPurchaseUrl': ''}, {'entranceFeeType': 'Entrance - Private Vehicle', 'startDate': {'month': 1, 'holiday': None, 'day': 1}, 'paymentDescription': 'Credit/debit card preferred.\n\nThree types of weekly passes (Vehicle, Motorcycle, Individual) may be purchased by credit card from automated fee machines available year-round 24 hours a day --\n* One is located at a pavilion in the parking lot the Hulls Cove Visitor Center.\n* Another is available inside a gatehouse at the entrance to the Schoodic Institute on the Schoodic Peninsula.', 'recGovPurchaseUrl': 'https://www.recreation.gov/sitepass/74271', 'timedEntryLocation': '', 'endDate': {'month': 12, 'holiday': None, 'day': 31}, 'exceptions': '', 'payGovPurchaseUrl': '', 'cost': '35.00', 'timedEntryShortDescription': '', 'description': 'Valid for seven days. Admits private, non-commercial vehicle (15 passenger capacity or less) and all occupants. This includes rental cars, RVs, and vans with fewer than 16 passengers. If the vehicle pass is purchased, no other pass is necessary.', 'informationUrl': 'https://www.nps.gov/acad/planyourvisit/fees.htm', 'id': '94E30640-D3B6-40D4-9949-07C63CFE636C', 'npsGovPurchaseUrl': 'https://www.nps.gov/acad/planyourvisit/fees.htm'}, {'entranceFeeType': 'Entrance - Motorcycle', 'startDate': {'month': 1, 'holiday': None, 'day': 1}, 'paymentDescription': 'Credit/debit card preferred.\n\nThree types of weekly passes (Vehicle, Motorcycle, Individual) may be purchased by credit card from automated fee machines available year-round 24 hours a day --\n* One is located at a pavilion in the parking lot the Hulls Cove Visitor Center.\n* Another is available inside a gatehouse at the entrance to the Schoodic Institute on the Schoodic Peninsula.', 'recGovPurchaseUrl': 'https://www.recreation.gov/sitepass/74271', 'timedEntryLocation': '', 'endDate': {'month': 12, 'holiday': None, 'day': 31}, 'exceptions': '', 'payGovPurchaseUrl': '', 'cost': '30.00', 'timedEntryShortDescription': '', 'description': 'Valid for seven days. Admits one or two passengers on a private, non-commercial motorcycle.', 'informationUrl': 'https://www.nps.gov/acad/planyourvisit/fees.htm', 'id': 'A6D7D0BD-5064-4018-ACA6-471AAC4B8301', 'npsGovPurchaseUrl': 'https://www.nps.gov/acad/planyourvisit/fees.htm'}, {'entranceFeeType': 'Entrance - Per Person', 'startDate': {'month': 1, 'holiday': None, 'day': 1}, 'paymentDescription': 'Credit/debit card preferred.\n\nThree types of weekly passes (Vehicle, Motorcycle, Individual) may be purchased by credit card from automated fee machines available year-round 24 hours a day --\n* One is located at a pavilion in the parking lot the Hulls Cove Visitor Center.\n* Another is available inside a gatehouse at the entrance to the Schoodic Institute on the Schoodic Peninsula.', 'recGovPurchaseUrl': 'https://www.recreation.gov/sitepass/74271', 'timedEntryLocation': '', 'endDate': {'month': 12, 'holiday': None, 'day': 31}, 'exceptions': '', 'payGovPurchaseUrl': '', 'cost': '20.00', 'timedEntryShortDescription': '', 'description': 'Valid for seven days. Admits one individual with no car (bicyclist, hiker, pedestrian). Youth 15 and under are admitted free of charge.', 'informationUrl': 'https://www.nps.gov/acad/planyourvisit/fees.htm', 'id': 'CE8B4FBB-3410-49D1-97DF-B4F019CDD058', 'npsGovPurchaseUrl': 'https://www.nps.gov/acad/planyourvisit/fees.htm'}, {'entranceFeeType': 'Entrance - Education/Academic Groups', 'startDate': {'month': 1, 'holiday': None, 'day': 1}, 'paymentDescription': '', 'recGovPurchaseUrl': '', 'timedEntryLocation': '', 'endDate': {'month': 12, 'holiday': None, 'day': 31}, 'exceptions': '', 'payGovPurchaseUrl': '', 'cost': '0.00', 'timedEntryShortDescription': '', 'description': 'School groups and other academic institutions may qualify for an Educational Fee Waiver. If not qualified, please check fees for large or commercial groups.', 'informationUrl': 'https://www.nps.gov/acad/planyourvisit/feewaivers.htm', 'id': 'BBA5FD20-F7E2-4185-84E9-CECEAB42C43B', 'npsGovPurchaseUrl': ''}, {'entranceFeeType': 'Entrance - Non-commercial Groups', 'startDate': {'month': 1, 'holiday': None, 'day': 1}, 'paymentDescription': '', 'recGovPurchaseUrl': '', 'timedEntryLocation': '', 'endDate': {'month': 12, 'holiday': None, 'day': 31}, 'exceptions': '', 'payGovPurchaseUrl': '', 'cost': '0.00', 'timedEntryShortDescription': '', 'description': 'Groups entering Acadia by bus, van, or other high-capacity vehicles (16 people or more) must pay an organized group entrance fee.\n\nAdults (16 years old and over): $20/per person\nYouth (15 years old and under): Free', 'informationUrl': 'https://www.nps.gov/acad/planyourvisit/fees.htm', 'id': '8B5FB8A4-46C0-43A1-BCEF-3D8D35E1A89F', 'npsGovPurchaseUrl': ''}, {'entranceFeeType': 'Commercial Entrance - Per Person', 'startDate': {'month': 1, 'holiday': None, 'day': 1}, 'paymentDescription': '', 'recGovPurchaseUrl': '', 'timedEntryLocation': '', 'endDate': {'month': 12, 'holiday': None, 'day': 31}, 'exceptions': '', 'payGovPurchaseUrl': '', 'cost': '0.00', 'timedEntryShortDescription': '', 'description': 'Are you operating a business that provides leisure or recreational services while in the park? If so, it is considered a commercial group and you are required to have a Commercial Use Authorization.\n\nA commercial group is defined as consisting of one or more persons traveling on an itinerary that has been packaged, priced, or sold for leisure or recreational purposes by an organization that realizes financial gain through the provisions of the service. Learn more on our ""Do Business With Us"" page.', 'informationUrl': 'https://www.nps.gov/acad/getinvolved/dobusinesswithus.htm', 'id': '46D75731-D4BF-45DE-88FC-54C93ADBB9AB', 'npsGovPurchaseUrl': ''}]",https://www.nps.gov/acad/planyourvisit/fees.htm,False,True,False,False,,,acad,,"[{'exceptions': '', 'payGovPurchaseUrl': '', 'cost': '70.00', 'image': [{'credit': 'Photo courtesy of visitor Gordon Grisinger', 'title': '2024 Acadia Annual Pass', 'altText': 'Landscape photo of a grove of birch trees with white bark and yellow leaves in autumn', 'caption': '2024 Acadia Annual Pass', 'url': 'https://www.nps.gov/common/uploads/entrance_pass/A2EFE238-B681-6332-7574A8F7F96AB4E9.jpg'}], 'description': 'The Acadia Annual Pass is valid only at Acadia and may be purchased online or in person. You do not need an additional entrance pass if you already have a federal lands pass. It is valid for 12 months from purchase month. This pass admits the pass holder and passengers in a non-commercial vehicle.\n\nIn addition to park visitor centers and campgrounds, the Acadia Annual Pass is available at the Acadia Regional Chamber at Thompson Island, and at Bar Harbor, Ellsworth and Southwest Harbor chambers of commerce.', 'paymentDescription': '', 'category': 'Annual Entrance - Park', 'informationUrl': 'https://www.nps.gov/acad/planyourvisit/fees.htm', 'recGovPurchaseUrl': 'https://www.recreation.gov/sitepass/74271', 'id': 'F647C604-6000-4454-A9FB-6147436E8A7C', 'npsGovPurchaseUrl': 'https://www.nps.gov/acad/planyourvisit/fees.htm'}]",[],"Vehicle reservations are not required for any other areas of the park, or for visitors who enter the area by foot, bike, or taxi. Vehicle reservations provide a timed entry, but do not require a departure time until 10 pm, when the road closes to vehicles. Reservations do not permit re-entry. Reservations are per vehicle, not per person. Reservations do not assign a specific parking space. Parking is prohibited outside of designated spaces. Cadillac is not served by the Island Explorer bus system.",Cadillac Summit Road Vehicle Reservations Reservation
adam,Yes,"{'entranceFee': 1, 'timedEntry': 2, 'paidParking': 3, 'customFee': 4}",,,,,"Entrance into the historic homes at Adams National Historical Park requires an entrance pass. Entrance passes cost $15 per person. Children under the age of 16 are free. If you have an America the Beautiful Interagency Pass, you do not need to pay the entrance fee. Tours can be reserved online in advance at recreation.gov or in-person on the day of your visit at the park’s visitor center. Tour reservations are required in addition to entrance passes.","Adams National Historical Park has a digital annual pass available for purchase on Recreation.gov. This pass is good for 12 months following the purchase of the pass. Tickets are still required to enter the park, but the digital annual pass will ensure the passholder free entry into the park. The pass costs $45.","[{'entranceFeeType': 'Timed Entry Reservation - Location', 'startDate': {'month': 5, 'holiday': None, 'day': 1}, 'paymentDescription': '', 'recGovPurchaseUrl': 'https://www.recreation.gov/ticket/facility/300003', 'timedEntryLocation': 'Advanced Tour', 'endDate': {'month': 10, 'holiday': None, 'day': 31}, 'exceptions': '', 'payGovPurchaseUrl': '', 'cost': '1.00', 'timedEntryShortDescription': '', 'description': ""The park offers tours of the historic homes. A reservation is required to attend a guided tour. It is strongly recommended to make reservations in advance on Adams National Historical Park's Recreation.gov page. A limited number of reservations will be available day-of for free on a first-come, first-served basis at the Visitor Center."", 'informationUrl': 'https://www.recreation.gov/ticket/facility/300003', 'id': '3731EBA3-EF53-403B-8C27-F02EBA8D5CEB', 'npsGovPurchaseUrl': ''}, {'entranceFeeType': 'Entrance - Per Person', 'startDate': {'month': 5, 'holiday': None, 'day': 1}, 'paymentDescription': '', 'recGovPurchaseUrl': '', 'timedEntryLocation': '', 'endDate': {'month': 10, 'holiday': None, 'day': 31}, 'exceptions': '', 'payGovPurchaseUrl': '', 'cost': '15.00', 'timedEntryShortDescription': '', 'description': 'Entrance into the historic homes at Adams National Historical Park requires an entrance pass. Entrance passes cost $15 per person. Children under the age of 16 are free. If you have an America the Beautiful Interagency Pass, you do not need to pay the entrance fee. Tours can be reserved online in advance at recreation.gov or in-person on the day of your visit at the park’s visitor center. Tour reservations are required in addition to entrance passes.', 'informationUrl': '', 'id': 'E08949D2-8971-43EF-B9F1-27CB13016466', 'npsGovPurchaseUrl': ''}]",https://www.nps.gov/adam/learn/management/yourdollarsatwork.htm,False,True,False,False,,,adam,,"[{'exceptions': '', 'payGovPurchaseUrl': '', 'cost': '45.00', 'image': [{'credit': 'NPS Photo', 'title': 'Old House and Peace Field Garden', 'altText': 'A gray, stone pathway, leads to the Stone Library and Old House', 'caption': 'A gray, stone pathway, leads to the Stone Library and Old House', 'url': 'https://www.nps.gov/common/uploads/entrance_pass/8483234E-CF96-868E-214766695ABBE23A.jpg'}], 'description': 'Adams National Historical Park has a digital annual pass available for purchase on Recreation.gov.  This pass is good for 12 months following the purchase of the pass.  Tickets are still required to enter the park, but the digital annual pass will ensure the passholder free entry into the park.  The pass costs $45.', 'paymentDescription': '', 'category': 'Annual Entrance - Park', 'informationUrl': '', 'recGovPurchaseUrl': '', 'id': 'DF9A61D1-3D4D-4C16-BDA4-6CEEBCDCD50C', 'npsGovPurchaseUrl': ''}]",[],,
afam,Depends on Location,"{'entranceFee': 1, 'timedEntry': 1, 'paidParking': 1, 'customFee': 4}",,,,,,,[],,True,False,True,True,,,afam,https://www.nps.gov/nama/planyourvisit/parking.htm,[],[],,
afbg,,"{'entranceFee': 1, 'timedEntry': 1, 'paidParking': 1, 'customFee': 4}",,,,,,,[],,True,False,False,False,,,afbg,,[],[],,
agfo,,"{'entranceFee': 1, 'timedEntry': 1, 'paidParking': 1, 'customFee': 4}",,,,,,,[],,True,False,False,False,,,agfo,,[],[],,
alag,,"{'entranceFee': 1, 'timedEntry': 1, 'paidParking': 1, 'customFee': 4}",,,,,,,[],,True,False,False,False,,,alag,,[],[],,
alca,No,"{'entranceFee': 1, 'timedEntry': 3, 'paidParking': 2, 'customFee': 4}",,,,,"Visiting Alcatraz Island is one of the most rewarding experiences of any trip to San Francisco. However, visitors who wish to visit the prison and island grounds must secure reservations. For over a decade, the National Park Service has implemented a reservation system, which is much different from the ways past generations accessed the Alcatraz Island. The National Park Service strongly recommends making advanced ticket reservations. Reservations secured far enough in advance allow visitors to visit and also eliminate the need to wait in line to purchase tickets. Alcatraz tickets are all inclusive. The ticket price includes the ferry transportation service provided by Alcatraz City Cruises, the cellhouse audio tour provided by the Golden Gate National Parks Conservancy, and the Federal Lands Recreation Enhancement Act fee. For additional information on schedules, prices, and to purchase tickets in advance (tickets are made available about 90 days in advance) please visit the Alcatraz City Cruises.",,[],,True,False,True,True,,,alca,https://www.alcatrazcitycruises.com,[],[],,
aleu,,"{'entranceFee': 1, 'timedEntry': 1, 'paidParking': 1, 'customFee': 4}",,,,,"This unit is on private land owned by the Ounalashka Corporation. To visit the historic area, you need to purchase a permit. Visitors can purchase these permits by calling the corporation at (907) 581-1276, or by visiting the corporation Monday - Friday at 400 Salmon Way. Permits can also be purchased at the visitor center. The cost for a permit is as follows: Type of permit Daily $6 (individual) $10 (family) Weekly $15 (individual) $20 (family) Annual $60 (individual) $80 (family) Visitor passes for the World War II Visitor Center are free to veterans, $2 for active military and seniors over age 55 and $5 for all others.",,[],,True,False,False,False,,,aleu,,[],[],,
alfl,No,"{'entranceFee': 1, 'timedEntry': 1, 'paidParking': 1, 'customFee': 4}",,,,,,,[],,True,False,False,False,,,alfl,,[],[],,
alka,,"{'entranceFee': 1, 'timedEntry': 1, 'paidParking': 1, 'customFee': 4}",,,,,,,[],,False,False,False,False,,,alka,,[],[],,
alpo,,"{'entranceFee': 1, 'timedEntry': 1, 'paidParking': 1, 'customFee': 4}",,,,,,,[],,True,False,False,False,,,alpo,,[],[],,
amch,,"{'entranceFee': 1, 'timedEntry': 1, 'paidParking': 1, 'customFee': 4}",,,,,,,[],,True,False,False,False,,,amch,,[],[],,
amis,Yes,"{'entranceFee': 1, 'timedEntry': 2, 'paidParking': 3, 'customFee': 4}",,,,,,"Amistad National Recreation Area does not charge entrance fees. However, the park does sell the America the Beautiful - The National Parks and Federal Recreational Lands Pass Series for federal public lands managed by the National Park Service, Forest Service, Bureau of Land Management, U.S. Army Corps of Engineers, Bureau of Reclamation, and U.S. Fish & Wildlife Service.",[],https://www.nps.gov/amis/learn/management/yourdollarsatwork.htm,True,True,False,False,,,amis,,[],[],,
amme,Yes,"{'entranceFee': 1, 'timedEntry': 1, 'paidParking': 1, 'customFee': 4}",,,,,,,[],,True,False,False,False,,,amme,,[],[],,
anac,,"{'entranceFee': 1, 'timedEntry': 1, 'paidParking': 1, 'customFee': 4}",,,,,,,[],,True,False,False,False,,,anac,,[],[],,
anch,,"{'entranceFee': 1, 'timedEntry': 1, 'paidParking': 1, 'customFee': 4}",,,,,,,[],,True,False,True,True,,,anch,,[],[],,
ande,,"{'entranceFee': 1, 'timedEntry': 1, 'paidParking': 1, 'customFee': 4}",,,,,,,[],,True,False,False,False,,,ande,,[],[],,
ania,,"{'entranceFee': 1, 'timedEntry': 1, 'paidParking': 1, 'customFee': 4}",,,,,,,[],,True,False,False,False,,,ania,,[],[],,
anjo,Yes,"{'entranceFee': 1, 'timedEntry': 1, 'paidParking': 1, 'customFee': 4}",,,,,"There are no entrance fees for the site. Tickets are required for the Homestead tours to control group size, but they are free of charge on a first come, first served basis.",Free. No entrance pass required.,[],,True,False,False,False,,,anjo,,[],[],,
anti,No,"{'entranceFee': 1, 'timedEntry': 2, 'paidParking': 3, 'customFee': 4}",,,,,Entrance fees are required at Antietam National Battlefield. Purchase passes at the park visitor center upon arrival. Interagency passes are accepted.,,"[{'entranceFeeType': 'Entrance - Private Vehicle', 'startDate': {'month': 1, 'holiday': None, 'day': 1}, 'paymentDescription': '', 'recGovPurchaseUrl': 'https://www.recreation.gov/sitepass/75816', 'timedEntryLocation': '', 'endDate': {'month': 12, 'holiday': None, 'day': 31}, 'exceptions': '', 'payGovPurchaseUrl': '', 'cost': '20.00', 'timedEntryShortDescription': '', 'description': 'Personal Vehicle/Family: $20.00 for three days', 'informationUrl': '', 'id': 'BE767ADF-66E3-4A4C-9C65-A53E6A349B8B', 'npsGovPurchaseUrl': ''}, {'entranceFeeType': 'Entrance - Per Person', 'startDate': {'month': 1, 'holiday': None, 'day': 1}, 'paymentDescription': '', 'recGovPurchaseUrl': 'https://www.recreation.gov/sitepass/75816', 'timedEntryLocation': '', 'endDate': {'month': 12, 'holiday': None, 'day': 31}, 'exceptions': '', 'payGovPurchaseUrl': '', 'cost': '10.00', 'timedEntryShortDescription': '', 'description': 'Individual: $10.00 for three days. This fee admits one individual in a vehicle and also includes hikers, bicyclists or pedestrians. Youth 15 and under are admitted free of charge.', 'informationUrl': '', 'id': 'A5E572F3-10A9-49DB-8F39-7B6CBCD7CE8D', 'npsGovPurchaseUrl': ''}, {'entranceFeeType': 'Entrance - Motorcycle', 'startDate': {'month': 1, 'holiday': None, 'day': 1}, 'paymentDescription': '', 'recGovPurchaseUrl': 'https://www.recreation.gov/sitepass/75816', 'timedEntryLocation': '', 'endDate': {'month': 12, 'holiday': None, 'day': 31}, 'exceptions': '', 'payGovPurchaseUrl': '', 'cost': '15.00', 'timedEntryShortDescription': '', 'description': 'Motorcycle: $15.00 This fee admits one individual on a private, non-commercial motorcycle for three days.', 'informationUrl': '', 'id': '96BE546E-E875-4FE3-A23D-9747D88EE0D4', 'npsGovPurchaseUrl': ''}, {'entranceFeeType': 'Commercial Entrance - Motor Coach', 'startDate': {'month': 1, 'holiday': None, 'day': 1}, 'paymentDescription': '', 'recGovPurchaseUrl': '', 'timedEntryLocation': '', 'endDate': {'month': 12, 'holiday': None, 'day': 31}, 'exceptions': '', 'payGovPurchaseUrl': '', 'cost': '100.00', 'timedEntryShortDescription': '', 'description': '$100 Motor Coach/Commercial Tour Groups with 26 or more people', 'informationUrl': '', 'id': '18567A2E-FB7B-4533-A42C-50867ED1AE13', 'npsGovPurchaseUrl': ''}, {'entranceFeeType': 'Commercial Entrance - Mini-bus', 'startDate': {'month': 1, 'holiday': None, 'day': 1}, 'paymentDescription': '', 'recGovPurchaseUrl': '', 'timedEntryLocation': '', 'endDate': {'month': 12, 'holiday': None, 'day': 31}, 'exceptions': '', 'payGovPurchaseUrl': '', 'cost': '40.00', 'timedEntryShortDescription': '', 'description': '$40 per passenger bus with 16-25 people', 'informationUrl': '', 'id': '6AEED6F7-4FBA-4F3D-B361-2055E5AE8BB3', 'npsGovPurchaseUrl': ''}, {'entranceFeeType': 'Commercial Entrance - Sedan', 'startDate': {'month': 1, 'holiday': None, 'day': 1}, 'paymentDescription': '', 'recGovPurchaseUrl': '', 'timedEntryLocation': '', 'endDate': {'month': 12, 'holiday': None, 'day': 31}, 'exceptions': '', 'payGovPurchaseUrl': '', 'cost': '25.00', 'timedEntryShortDescription': '', 'description': '$25 per passenger bus/sedan with 1-6 people', 'informationUrl': '', 'id': 'F79BDB14-0409-4241-8D6E-4106DD6CC55B', 'npsGovPurchaseUrl': ''}, {'entranceFeeType': 'Entrance - Education/Academic Groups', 'startDate': {'month': 1, 'holiday': None, 'day': 1}, 'paymentDescription': '', 'recGovPurchaseUrl': '', 'timedEntryLocation': '', 'endDate': {'month': 12, 'holiday': None, 'day': 31}, 'exceptions': '', 'payGovPurchaseUrl': '', 'cost': '0.00', 'timedEntryShortDescription': '', 'description': 'To request an Academic Fee Waiver for your group, click on the link for further details.', 'informationUrl': 'https://www.nps.gov/anti/planyourvisit/academic-fee-waivers.htm', 'id': '8C02F7AE-0D9E-457D-9F57-C38155EE8A93', 'npsGovPurchaseUrl': ''}]",https://www.nps.gov/anti/learn/management/yourdollarsatwork.htm,False,True,False,False,,,anti,,"[{'exceptions': '', 'payGovPurchaseUrl': '', 'cost': '35.00', 'image': [{'credit': 'NPS', 'title': 'Antietam annual pass', 'altText': 'A soldier carries a US flag through a cornfield.', 'caption': 'Purchase an annual pass if you visit Antietam regularly.', 'url': 'https://www.nps.gov/common/uploads/entrance_pass/49F30A00-AB55-C8AC-36EA1887138DAB06.jpg'}], 'description': 'If you or your family visit the battlefield more than once a year, this pass is for you. Valid for one year from month of purchase for Antietam National Battlefield only. Admits pass holder and passengers in a single private vehicle.', 'paymentDescription': 'Purchase in person at the visitor center.', 'category': 'Annual Entrance - Park', 'informationUrl': '', 'recGovPurchaseUrl': '', 'id': 'A7084A83-C471-4077-95ED-12A7A2B2829E', 'npsGovPurchaseUrl': ''}]",[],,
apco,,"{'entranceFee': 1, 'timedEntry': 1, 'paidParking': 1, 'customFee': 4}",,,,,,,[],,True,False,False,False,,,apco,,[],[],,
apis,,"{'entranceFee': 1, 'timedEntry': 1, 'paidParking': 1, 'customFee': 4}",,,,,"Apostle Islands National Lakeshore does not have an entrance fee. However, there are fees for camping, docking, interpretive programs, parking at some locations, and for special recreation permits.",,[],,True,False,True,True,,,apis,https://www.nps.gov/apis/planyourvisit/fees.htm,[],[],,
appa,,"{'entranceFee': 1, 'timedEntry': 1, 'paidParking': 1, 'customFee': 4}",,,,,,,[],,False,False,False,False,,,appa,,[],[],,
arch,Depends on Location,"{'entranceFee': 2, 'timedEntry': 1, 'paidParking': 3, 'customFee': 4}",,,,,,,"[{'entranceFeeType': 'Timed Entry Reservation - Park', 'startDate': {'month': 4, 'holiday': None, 'day': 1}, 'paymentDescription': 'Purchase a One-day Vehicle Personal Timed Entry Ticket from Recreation.gov, either online or by calling 800-777-4777.', 'recGovPurchaseUrl': 'https://www.recreation.gov/timed-entry/10088426', 'timedEntryLocation': '', 'endDate': {'month': 10, 'holiday': None, 'day': 31}, 'exceptions': 'Timed entry tickets are not required for people with camping, backcountry, Fiery Furnace, or special use permits; nor those with concessions contracts, commercial use authorizations, or academic fee waivers; nor for Tribal visits.', 'payGovPurchaseUrl': '', 'cost': '2.00', 'timedEntryShortDescription': 'Required to enter the park', 'description': 'From April 1 through October 31, 2023, visitors entering the park in a vehicle between 7 am and 4 pm will need to have already purchased a Timed Entry Ticket from Recreation.gov before arriving. One ticket is needed per vehicle. This fee is a Recreation.gov service charge, so it is not waived by any of the interagency passes.', 'informationUrl': '', 'id': '1533D69E-9292-4F61-BABF-6A412ED3DA2C', 'npsGovPurchaseUrl': ''}, {'entranceFeeType': 'Entrance - Private Vehicle', 'startDate': {'month': 1, 'holiday': None, 'day': 1}, 'paymentDescription': 'Pay the park entrance fee at the entrance booth upon arrival, or ahead of time through Recreation.gov', 'recGovPurchaseUrl': 'https://www.recreation.gov/sitepass/74330', 'timedEntryLocation': '', 'endDate': {'month': 12, 'holiday': None, 'day': 31}, 'exceptions': '', 'payGovPurchaseUrl': '', 'cost': '30.00', 'timedEntryShortDescription': '', 'description': 'Admits one private, non-commercial vehicle (15 passenger capacity or less) and all its occupants.', 'informationUrl': '', 'id': '2FF411BD-89C9-45D8-8D22-742296A725F4', 'npsGovPurchaseUrl': ''}, {'entranceFeeType': 'Entrance - Motorcycle', 'startDate': {'month': 1, 'holiday': None, 'day': 1}, 'paymentDescription': 'Pay the park entrance fee at the entrance booth upon arrival or ahead of time at Recreation.gov', 'recGovPurchaseUrl': 'https://www.recreation.gov/sitepass/74330', 'timedEntryLocation': '', 'endDate': {'month': 12, 'holiday': None, 'day': 31}, 'exceptions': '', 'payGovPurchaseUrl': '', 'cost': '25.00', 'timedEntryShortDescription': '', 'description': 'Admits one private, non-commercial motorcycle and its riders', 'informationUrl': '', 'id': 'A497A680-D336-429B-B722-543E78A74CDF', 'npsGovPurchaseUrl': ''}, {'entranceFeeType': 'Entrance - Per Person', 'startDate': {'month': 1, 'holiday': None, 'day': 1}, 'paymentDescription': 'Pay the park entrance fee at the entrance booth upon arrival or ahead of time at Recreation.gov.', 'recGovPurchaseUrl': 'https://www.recreation.gov/sitepass/74330', 'timedEntryLocation': '', 'endDate': {'month': 12, 'holiday': None, 'day': 31}, 'exceptions': '', 'payGovPurchaseUrl': '', 'cost': '15.00', 'timedEntryShortDescription': '', 'description': 'Admits one individual with no car. Typically used for bicyclists, hikers, and pedestrians. Youth 15 and under are admitted free.', 'informationUrl': '', 'id': 'C2E9F733-7E7A-4C39-959C-A168FF921E7D', 'npsGovPurchaseUrl': ''}]",https://www.nps.gov/arch/learn/management/yourdollarsatwork.htm,False,True,False,False,,,arch,,"[{'exceptions': '', 'payGovPurchaseUrl': '', 'cost': '55.00', 'image': [{'credit': 'NPS Photo', 'title': 'Southeast Utah Group Parks Annual Pass', 'altText': 'park pass with image of a lizard perched on a rock, NPS black bar and logo', 'caption': 'Southeast Utah Group Parks 2024 Annual Pass', 'url': 'https://www.nps.gov/common/uploads/entrance_pass/3FD72B16-A0A5-CDD1-FE578697D279D943.jpg'}], 'description': 'Valid for one year through the month of purchase. Admits one (1) private, non-commercial vehicle or its pass holder to Arches and Canyonlands national parks, and Natural Bridges and Hovenweep national monuments.', 'paymentDescription': 'SEUG annual passes are also sold at the entrance stations for Arches and Canyonlands national parks.', 'category': 'Annual Entrance - Park', 'informationUrl': '', 'recGovPurchaseUrl': 'https://www.recreation.gov/sitepass/74330', 'id': 'B94F7638-0C3A-4CD8-90AD-BFA1C0F814B1', 'npsGovPurchaseUrl': ''}]",[],"From April 1 through October 31, 2024, visitors entering the park in a vehicle between 7 am and 4 pm will need to have already purchased a Timed Entry Ticket from Recreation.gov before arriving. One ticket is needed per vehicle, except for people with camping, backcountry, Fiery Furnace, or special use permits; nor those with concessions contracts, commercial use authorizations, or academic fee waivers; nor for Tribal visits.",Timed Entry Tickets Required April 1–October 31
arho,,"{'entranceFee': 1, 'timedEntry': 1, 'paidParking': 1, 'customFee': 4}",,,,,,,[],,True,False,True,True,,,arho,https://www.arlingtoncemetery.mil/Visit/Parking,[],[],,
arpo,,"{'entranceFee': 1, 'timedEntry': 1, 'paidParking': 1, 'customFee': 4}",,,,,,,[],,True,False,False,False,,,arpo,,[],[],,
asis,Depends on Location,"{'entranceFee': 1, 'timedEntry': 1, 'paidParking': 1, 'customFee': 4}",,,,,,Assateague Island National Seashore offers an annual park pass for $45.00. It is valid in both the MD and VA districts of Assateague Island. (This includes the Chincoteague National Wildlife Refuge),"[{'entranceFeeType': 'Entrance - Private Vehicle', 'startDate': {'month': 1, 'holiday': None, 'day': 1}, 'paymentDescription': '', 'recGovPurchaseUrl': '', 'timedEntryLocation': '', 'endDate': {'month': 12, 'holiday': None, 'day': 31}, 'exceptions': '', 'payGovPurchaseUrl': '', 'cost': '25.00', 'timedEntryShortDescription': '', 'description': 'Assateague 7 day vehicle pass.', 'informationUrl': '', 'id': '93A7BBB3-5B57-4D9D-B616-AFE72F04801C', 'npsGovPurchaseUrl': ''}, {'entranceFeeType': 'Entrance - Motorcycle', 'startDate': {'month': 1, 'holiday': None, 'day': 1}, 'paymentDescription': '', 'recGovPurchaseUrl': '', 'timedEntryLocation': '', 'endDate': {'month': 12, 'holiday': None, 'day': 31}, 'exceptions': '', 'payGovPurchaseUrl': '', 'cost': '20.00', 'timedEntryShortDescription': '', 'description': 'Assateague 7 day motorcycle pass.', 'informationUrl': '', 'id': 'F36CD6D5-D424-49BF-8F7E-52A6D743A5B9', 'npsGovPurchaseUrl': ''}, {'entranceFeeType': 'Entrance - Per Person', 'startDate': {'month': 1, 'holiday': None, 'day': 1}, 'paymentDescription': '', 'recGovPurchaseUrl': '', 'timedEntryLocation': '', 'endDate': {'month': 12, 'holiday': None, 'day': 31}, 'exceptions': '', 'payGovPurchaseUrl': '', 'cost': '0.00', 'timedEntryShortDescription': '', 'description': 'Assateague per person walk-in or bicycle', 'informationUrl': '', 'id': '2B1EBDF3-2136-40BA-8069-6BE02B84299C', 'npsGovPurchaseUrl': ''}]",https://www.nps.gov/asis/learn/management/your-fee-dollars-at-work.htm,False,True,False,False,,,asis,,"[{'exceptions': '', 'payGovPurchaseUrl': '', 'cost': '45.00', 'image': [{'credit': 'NPS/K. Gipson', 'title': '2024 ASIS Annual Pass', 'altText': '2024 Assateague Island National Seashore Annual Pass', 'caption': '2024 Assateague Island National Seashore Annual Pass', 'url': 'https://www.nps.gov/common/uploads/entrance_pass/8703D043-AF39-A538-F070409D41070CC9.jpg'}], 'description': 'The Assateague Island National Seashore Annual Park Entrance Pass is $45.00. It is valid in both the Maryland District and Virginia District (Chincoteague National Wildlife Refuge).', 'paymentDescription': '', 'category': 'Annual Entrance - Park', 'informationUrl': '', 'recGovPurchaseUrl': '', 'id': '1DA9CCD2-2D2F-4904-ACD1-2168201A1475', 'npsGovPurchaseUrl': ''}]",[],,
azru,No,"{'entranceFee': 1, 'timedEntry': 2, 'paidParking': 3, 'customFee': 4}",,,,,"Aztec Ruins National Monument is a fee free park. Visitors are not required to pay to enter. We are able to issue free Interagency Passes including the Interagency Military (annual and veteran), Every Kid in a Park, and Access Passes. Please bring paperwork required if you qualify to be issued one of these passes. Passes are not required for entry.",,[],,True,False,False,False,,,azru,,[],[],,
badl,Yes,"{'entranceFee': 1, 'timedEntry': 1, 'paidParking': 1, 'customFee': 4}",,,,,"Badlands National Park charges an entrance fee. No cash is accepted. Credit/debit card only. You may purchase a 7-day pass valid at only Badlands National Park privately or commercially. Private passes (private vehicle, motorcycle, or individual) can be purchased on recreation.gov or on-site, at one of the 3 entrance stations (Northeast, Pinnacles, or Interior). Commercial passes (sedan, van, minibus, or motorcoach) must be purchased on-site at one of the entrance stations. If you are visiting other federal recreation areas consider purchasing an Interagency Pass (Annual, Senior, Access, Military, etc.) when you arrive at the park. If you already hold one of the accepted entrance passes you do not need to purchase any of the 7-day passes. Site Passes purchased on Recreation.gov are non-refundable and non-transferable. Only purchase this Badlands National Park Site Pass if you do not plan to use another pass to cover the entrance fee.",,"[{'entranceFeeType': 'Entrance - Private Vehicle', 'startDate': {'month': 1, 'holiday': None, 'day': 1}, 'paymentDescription': '', 'recGovPurchaseUrl': 'https://www.recreation.gov/sitepass/2578', 'timedEntryLocation': '', 'endDate': {'month': 12, 'holiday': None, 'day': 31}, 'exceptions': 'Fees are waived at Badlands National Park on the following days:\n\nNov 11, 2022: Veterans Day\nJan 16, 2023: Martin Luther King Jr. Day\nApr 16, 2023: First Day of National Park Week\nAug 4, 2023: Great American Outdoors Act\nSep 24, 2023: National Public Lands Day', 'payGovPurchaseUrl': '', 'cost': '30.00', 'timedEntryShortDescription': '', 'description': 'Fee covers the entry of a private vehicle and its occupants for 7 days', 'informationUrl': 'https://www.nps.gov/badl/planyourvisit/fees.htm', 'id': 'CDB86829-AF36-452F-8F1A-DBF8D40A5C29', 'npsGovPurchaseUrl': ''}, {'entranceFeeType': 'Entrance - Motorcycle', 'startDate': {'month': 1, 'holiday': None, 'day': 1}, 'paymentDescription': '', 'recGovPurchaseUrl': 'https://www.recreation.gov/sitepass/2578', 'timedEntryLocation': '', 'endDate': {'month': 12, 'holiday': None, 'day': 31}, 'exceptions': 'Fees are waived at Badlands National Park on the following days:\n\nNov 11, 2022: Veterans Day\nJan 16, 2023: Martin Luther King Jr. Day\nApr 16, 2023: First Day of National Park Week\nAug 4, 2023: Great American Outdoors Act\nSep 24, 2023: National Public Lands Day', 'payGovPurchaseUrl': '', 'cost': '25.00', 'timedEntryShortDescription': '', 'description': 'Fee covers the entry of a motorcycle and its occupants for 7 days', 'informationUrl': 'https://www.nps.gov/badl/planyourvisit/fees.htm', 'id': 'D8CB2707-4AA5-4AF9-9EC3-8125A84FB751', 'npsGovPurchaseUrl': ''}, {'entranceFeeType': 'Entrance - Per Person', 'startDate': {'month': 1, 'holiday': None, 'day': 1}, 'paymentDescription': '', 'recGovPurchaseUrl': 'https://www.recreation.gov/sitepass/2578', 'timedEntryLocation': '', 'endDate': {'month': 12, 'holiday': None, 'day': 31}, 'exceptions': 'Fees are waived at Badlands National Park on the following days:\n\nNov 11, 2022: Veterans Day\nJan 16, 2023: Martin Luther King Jr. Day\nApr 16, 2023: First Day of National Park Week\nAug 4, 2023: Great American Outdoors Act\nSep 24, 2023: National Public Lands Day', 'payGovPurchaseUrl': '', 'cost': '15.00', 'timedEntryShortDescription': '', 'description': 'Fee covers the entry of an individual that is hiking, bicycling, etc... for 7 days', 'informationUrl': 'https://www.nps.gov/badl/planyourvisit/fees.htm', 'id': 'E86C8F69-9B04-4E95-A5F6-DD8B7769517B', 'npsGovPurchaseUrl': ''}, {'entranceFeeType': 'Commercial Entrance - Sedan', 'startDate': {'month': 1, 'holiday': None, 'day': 1}, 'paymentDescription': '', 'recGovPurchaseUrl': '', 'timedEntryLocation': '', 'endDate': {'month': 12, 'holiday': None, 'day': 31}, 'exceptions': 'Fees are waived at Badlands National Park on the following days:\n\nNov 11, 2022: Veterans Day\nJan 16, 2023: Martin Luther King Jr. Day\nApr 16, 2023: First Day of National Park Week\nAug 4, 2023: Great American Outdoors Act\nSep 24, 2023: National Public Lands Day', 'payGovPurchaseUrl': '', 'cost': '25.00', 'timedEntryShortDescription': '', 'description': 'Commercial sedan, 1 to 6 passenger capacity. $25 plus $15 per person - 7 days for Original Manifest', 'informationUrl': 'https://www.nps.gov/badl/planyourvisit/fees.htm', 'id': '40A007C7-7658-47F9-9605-E847699BEE20', 'npsGovPurchaseUrl': ''}, {'entranceFeeType': 'Commercial Entrance - Van', 'startDate': {'month': 1, 'holiday': None, 'day': 1}, 'paymentDescription': '', 'recGovPurchaseUrl': '', 'timedEntryLocation': '', 'endDate': {'month': 12, 'holiday': None, 'day': 31}, 'exceptions': 'Fees are waived at Badlands National Park on the following days:\n\nNov 11, 2022: Veterans Day\nJan 16, 2023: Martin Luther King Jr. Day\nApr 16, 2023: First Day of National Park Week\nAug 4, 2023: Great American Outdoors Act\nSep 24, 2023: National Public Lands Day', 'payGovPurchaseUrl': '', 'cost': '50.00', 'timedEntryShortDescription': '', 'description': 'Commercial van, 7 to 15 passenger capacity; $50 - 7 days for Original Manifest', 'informationUrl': 'https://www.nps.gov/badl/planyourvisit/fees.htm', 'id': '5A334EC2-1500-4699-A9B5-A7C366F6562E', 'npsGovPurchaseUrl': ''}, {'entranceFeeType': 'Commercial Entrance - Mini-bus', 'startDate': {'month': 1, 'holiday': None, 'day': 1}, 'paymentDescription': '', 'recGovPurchaseUrl': '', 'timedEntryLocation': '', 'endDate': {'month': 12, 'holiday': None, 'day': 31}, 'exceptions': 'Fees are waived at Badlands National Park on the following days:\n\nNov 11, 2022: Veterans Day\nJan 16, 2023: Martin Luther King Jr. Day\nApr 16, 2023: First Day of National Park Week\nAug 4, 2023: Great American Outdoors Act\nSep 24, 2023: National Public Lands Day', 'payGovPurchaseUrl': '', 'cost': '60.00', 'timedEntryShortDescription': '', 'description': 'Minibus, 16 to 25 passenger capacity; $60 - 7 days for Original Manifest', 'informationUrl': 'https://www.nps.gov/badl/planyourvisit/fees.htm', 'id': '2C4E71A1-CEA6-4FCA-816C-0CE2A934CEAF', 'npsGovPurchaseUrl': ''}, {'entranceFeeType': 'Commercial Entrance - Motor Coach', 'startDate': {'month': 1, 'holiday': None, 'day': 1}, 'paymentDescription': '', 'recGovPurchaseUrl': '', 'timedEntryLocation': '', 'endDate': {'month': 12, 'holiday': None, 'day': 31}, 'exceptions': 'Fees are waived at Badlands National Park on the following days:\n\nNov 11, 2022: Veterans Day\nJan 16, 2023: Martin Luther King Jr. Day\nApr 16, 2023: First Day of National Park Week\nAug 4, 2023: Great American Outdoors Act\nSep 24, 2023: National Public Lands Day', 'payGovPurchaseUrl': '', 'cost': '150.00', 'timedEntryShortDescription': '', 'description': 'Motorcoach, 26 or more passenger capacity; $150 - 7 days for Original Manifest', 'informationUrl': 'https://www.nps.gov/badl/planyourvisit/fees.htm', 'id': '488D8FCA-63B6-41DC-98F6-DF51AD46511D', 'npsGovPurchaseUrl': ''}]",,False,True,False,False,,,badl,,"[{'exceptions': '', 'payGovPurchaseUrl': '', 'cost': '55.00', 'image': [{'credit': '', 'title': '', 'altText': '', 'caption': '', 'url': 'https://www.nps.gov/customcf/structured_data/images/add_image.png'}], 'description': 'This pass admits a single, private, non commercial vehicle and its occupants into the park. This pass does not include camping or give any type of discount at stores inside the park. Valid for one year from month of purchase.', 'paymentDescription': 'Credit/Debit only', 'category': 'Annual Entrance - Park', 'informationUrl': 'https://www.nps.gov/badl/planyourvisit/fees.htm', 'recGovPurchaseUrl': '', 'id': '1705348A-4D57-44BB-A2E1-CB7589B57104', 'npsGovPurchaseUrl': ''}]",[],,
band,Yes,"{'entranceFee': 1, 'timedEntry': 1, 'paidParking': 1, 'customFee': 4}",,,,,"All entrance passes are all valid for seven days and include access to all areas of the park, including Tsankawi. Children 15 years and younger are free. All digital Site Passes must be printed prior to arriving at Bandelier.",,"[{'entranceFeeType': 'Entrance - Private Vehicle', 'startDate': {'month': 1, 'holiday': None, 'day': 1}, 'paymentDescription': '', 'recGovPurchaseUrl': 'https://www.recreation.gov/sitepass/72441', 'timedEntryLocation': '', 'endDate': {'month': 12, 'holiday': None, 'day': 31}, 'exceptions': '', 'payGovPurchaseUrl': '', 'cost': '25.00', 'timedEntryShortDescription': '', 'description': 'Pass covers all persons traveling in a single, private, non-commercial vehicle (car, truck, camper, or van up to 15 passengers). Auto passes are non-transferable and not replaced if lost or stolen.  Entrance passes do not cover camping fees.', 'informationUrl': '', 'id': '1CB96441-FD12-4784-8795-2229567817D7', 'npsGovPurchaseUrl': ''}, {'entranceFeeType': 'Entrance - Motorcycle', 'startDate': {'month': 1, 'holiday': None, 'day': 1}, 'paymentDescription': '', 'recGovPurchaseUrl': 'https://www.recreation.gov/sitepass/72441', 'timedEntryLocation': '', 'endDate': {'month': 12, 'holiday': None, 'day': 31}, 'exceptions': '', 'payGovPurchaseUrl': '', 'cost': '20.00', 'timedEntryShortDescription': '', 'description': 'Pass covers a single motorcycle and up to two people. Motorcycle passes are non-transferable and not replaced if lost or stolen.', 'informationUrl': '', 'id': '91C2C83D-31CF-4A2A-8220-6A300D5202B7', 'npsGovPurchaseUrl': ''}, {'entranceFeeType': 'Entrance - Per Person', 'startDate': {'month': 1, 'holiday': None, 'day': 1}, 'paymentDescription': '', 'recGovPurchaseUrl': 'https://www.recreation.gov/sitepass/72441', 'timedEntryLocation': '', 'endDate': {'month': 12, 'holiday': None, 'day': 31}, 'exceptions': '', 'payGovPurchaseUrl': '', 'cost': '15.00', 'timedEntryShortDescription': '', 'description': 'Pass covers per person entrance fee for those 16 years of age and older traveling on foot or by bicycle, or for individuals traveling together in a 16 passenger or greater vehicle as a non-commercial, organized group. Individual passes are non-transferable and not replaced if lost or stolen.', 'informationUrl': '', 'id': '750B31EE-6C9F-4571-8969-45C5600F969D', 'npsGovPurchaseUrl': ''}]",,False,True,False,False,,,band,,"[{'exceptions': '', 'payGovPurchaseUrl': '', 'cost': '45.00', 'image': [{'credit': '', 'title': '', 'altText': '', 'caption': '', 'url': 'https://www.nps.gov/customcf/structured_data/images/add_image.png'}], 'description': 'Valid for one year from month of purchase. Admits passholder and passengers in a single, private, non-commercial vehicle, or the pass holder plus up to 3 other people when entry is by other means (foot, bicycle). Non-transferable, non-refundable, not replaceable if lost or stolen.', 'paymentDescription': '', 'category': 'Annual Entrance - Park', 'informationUrl': '', 'recGovPurchaseUrl': 'https://www.recreation.gov/sitepass/72441', 'id': '7B0A5CDF-A56C-407C-BF10-39E2A6FE0A7A', 'npsGovPurchaseUrl': ''}]",[],,
bawa,,"{'entranceFee': 1, 'timedEntry': 1, 'paidParking': 1, 'customFee': 4}",,,,,,,[],,True,False,False,False,,,bawa,,[],[],,
bela,,"{'entranceFee': 1, 'timedEntry': 1, 'paidParking': 1, 'customFee': 4}",,,,,,Bering Land Bridge does not issue Entrance Passes. Visit this page for more information on Entrance Passes: https://www.nps.gov/planyourvisit/passes.htm,[],,True,False,False,False,,,bela,,[],[],,
beol,Yes,"{'entranceFee': 1, 'timedEntry': 1, 'paidParking': 1, 'customFee': 4}",,,,,"Per Person - Adults (age 16 and older): $10.00. Children (age 15 and under): Free. Entrance fees can be paid to a ranger at the entrance of the fort or at the Western National Parks Association (WNPA) park store in the back of the fort. The National Park Service accepts credit card for fee payments. WNPA accepts all forms of tender. Permits are good for seven consecutive days. Fees apply to those 16 years old and older. America the Beautiful passes are honored. The park issues the America the Beautiful Interagency Annual Pass, Bent's Old Fort Annual Pass, Annual and Lifetime Senior Passes, Military Pass, Access Pass, and fourth Grade Every Kid Outdoors Annual Pass.",Bent's Old Fort Annual Park Pass - Cost $35. Covers entrance fees for passholder plus three adults at Bent's Old Fort National Historic Site. This pass can be purchased at the entrance inside the fort and at the Western National Parks Association park store in the back of the fort. Good for one year from purchase. Non-transferable and non-refundable.,"[{'entranceFeeType': 'Entrance - Per Person', 'startDate': {'month': 1, 'holiday': None, 'day': 1}, 'paymentDescription': '', 'recGovPurchaseUrl': 'https://www.recreation.gov/sitepass/2583', 'timedEntryLocation': '', 'endDate': {'month': 12, 'holiday': None, 'day': 31}, 'exceptions': 'America the Beautiful passes are honored.', 'payGovPurchaseUrl': '', 'cost': '10.00', 'timedEntryShortDescription': '', 'description': '$10.00 per person - Adults (age 16 and older).', 'informationUrl': 'https://www.nps.gov/beol/planyourvisit/fees.htm', 'id': 'CC81482F-65E5-4CD6-9702-09ACCCDDDE32', 'npsGovPurchaseUrl': ''}, {'entranceFeeType': 'Entrance - Education/Academic Groups', 'startDate': {'month': 1, 'holiday': None, 'day': 1}, 'paymentDescription': '', 'recGovPurchaseUrl': '', 'timedEntryLocation': '', 'endDate': {'month': 12, 'holiday': None, 'day': 31}, 'exceptions': 'Those organized, educational groups of children who are less than 16 years of age with less than 75 students and no more than 10 adult teachers and chaperones must call\xa0to schedule a field trip to the park at least two weeks in advance of their visit in order to\xa0enter the park free of charge without a fee waiver.', 'payGovPurchaseUrl': '', 'cost': '0.00', 'timedEntryShortDescription': '', 'description': 'Applications for fee waivers must be received two weeks prior to your anticipated trip. \nThose organized, educational groups of children who are less than 16 years of age with less than 75 students and no more than 10 adult teachers and chaperones must call\xa0to schedule a field trip to the park at least two weeks in advance of their visit in order to\xa0enter the park free of charge without a fee waiver.', 'informationUrl': 'https://www.nps.gov/beol/planyourvisit/academic-fee-waiver.htm', 'id': 'E9D0C019-490E-4456-9EB4-016521DD8B0E', 'npsGovPurchaseUrl': ''}]",https://www.nps.gov/beol/planyourvisit/fees.htm,False,True,False,False,,,beol,,"[{'exceptions': '', 'payGovPurchaseUrl': '', 'cost': '35.00', 'image': [{'credit': 'NPS/Volunteer Cody Mobley', 'title': ""2024 Bent's Old Fort Annual Pass"", 'altText': ""Modern-day Tintype photo of Bent's Old Fort with people in 1860s period clothing"", 'caption': ""Modern-day Tintype photo of Bent's Old Fort with people in 1860s period clothing"", 'url': 'https://www.nps.gov/common/uploads/entrance_pass/1B7CD582-A467-56E4-365A2717868FEC13.jpg'}], 'description': ""Bent's Old Fort Annual Park Pass - Cost $35.\nCovers entrance fees for passholder plus three adults at Bent's Old Fort National Historic Site. This pass can be purchased at the entrance inside the fort and at the Western National Parks Association park store in the back of the fort. Good for one year from purchase. Non-transferable and non-refundable."", 'paymentDescription': 'This pass can be purchased by credit card at the entrance inside the fort and by cash or credit card at the Western National Parks Association park store in the back of the fort.', 'category': 'Annual Entrance - Park', 'informationUrl': 'https://www.nps.gov/beol/planyourvisit/fees.htm', 'recGovPurchaseUrl': 'https://www.recreation.gov/sitepass/2583', 'id': 'F95AB378-3A04-4725-BFE0-31927BA572F3', 'npsGovPurchaseUrl': ''}]",[],,
bepa,,"{'entranceFee': 1, 'timedEntry': 1, 'paidParking': 1, 'customFee': 4}",,,,,,,[],,True,False,False,False,,,bepa,,[],[],,
bibe,Yes,"{'entranceFee': 1, 'timedEntry': 1, 'paidParking': 1, 'customFee': 4}",,,,,All vehicles entering Big Bend National Park are subject to an entrance fee. No cash is accepted; credit/debit card only. No refunds are given due to inclement weather. You can pay your entrance pass when you arrive at the park. There are no reservations required for entering Big Bend National Park.,Big Bend National Park Annual Pass: $55 Covers entrance fees to Big Bend National Park. Pass is available at Big Bend National Park entrance stations or any visitor center. Good for one year from purchase date. Pass is non-transferable.,"[{'entranceFeeType': 'Entrance - Private Vehicle', 'startDate': {'month': 1, 'holiday': None, 'day': 1}, 'paymentDescription': '', 'recGovPurchaseUrl': '', 'timedEntryLocation': '', 'endDate': {'month': 12, 'holiday': None, 'day': 31}, 'exceptions': '', 'payGovPurchaseUrl': '', 'cost': '30.00', 'timedEntryShortDescription': '', 'description': 'Admits one private, non-commercial vehicle (15 passenger capacity or less); valid for 7 days.', 'informationUrl': 'https://www.nps.gov/bibe/planyourvisit/fees.htm', 'id': '625A43EB-F890-41FB-88BD-2993FFA8B7F1', 'npsGovPurchaseUrl': ''}, {'entranceFeeType': 'Entrance - Motorcycle', 'startDate': {'month': 1, 'holiday': None, 'day': 1}, 'paymentDescription': '', 'recGovPurchaseUrl': '', 'timedEntryLocation': '', 'endDate': {'month': 12, 'holiday': None, 'day': 31}, 'exceptions': '', 'payGovPurchaseUrl': '', 'cost': '25.00', 'timedEntryShortDescription': '', 'description': 'Admits one non-commercial motorcycle; valid for 7 days.', 'informationUrl': 'https://www.nps.gov/bibe/planyourvisit/fees.htm', 'id': '1BE872AA-2DD0-419C-955E-1C891968DE9B', 'npsGovPurchaseUrl': ''}, {'entranceFeeType': 'Entrance - Per Person', 'startDate': {'month': 1, 'holiday': None, 'day': 1}, 'paymentDescription': '', 'recGovPurchaseUrl': '', 'timedEntryLocation': '', 'endDate': {'month': 12, 'holiday': None, 'day': 31}, 'exceptions': '', 'payGovPurchaseUrl': '', 'cost': '15.00', 'timedEntryShortDescription': '', 'description': 'Admits one individual. Typically used for bicyclists and pedestrians; valid for 7 days.', 'informationUrl': 'https://www.nps.gov/bibe/planyourvisit/fees.htm', 'id': '26BB94AE-6EDB-445A-A6CC-1AED16152895', 'npsGovPurchaseUrl': ''}, {'entranceFeeType': 'Commercial Entrance - Motor Coach', 'startDate': {'month': 1, 'holiday': None, 'day': 1}, 'paymentDescription': '', 'recGovPurchaseUrl': '', 'timedEntryLocation': '', 'endDate': {'month': 12, 'holiday': None, 'day': 31}, 'exceptions': '', 'payGovPurchaseUrl': '', 'cost': '200.00', 'timedEntryShortDescription': '', 'description': 'Companies conducting business in the park are required to obtain a commercial use authorization. The only exception is companies travelling in a 26-person capacity or greater vehicle; such vehicles are charged a flat fee of $200 (commercial use authorization not required).', 'informationUrl': 'https://www.nps.gov/bibe/planyourvisit/fees.htm', 'id': '7D9E2631-60FE-4589-A9D9-FBA29284213A', 'npsGovPurchaseUrl': ''}, {'entranceFeeType': 'Entrance - Non-commercial Groups', 'startDate': {'month': 1, 'holiday': None, 'day': 1}, 'paymentDescription': '', 'recGovPurchaseUrl': '', 'timedEntryLocation': '', 'endDate': {'month': 12, 'holiday': None, 'day': 31}, 'exceptions': '', 'payGovPurchaseUrl': '', 'cost': '30.00', 'timedEntryShortDescription': '', 'description': 'Organized groups such as Scouts, youth groups, churches, reunions, clubs, etc. that do not qualify for an academic fee waiver are charged as follows:\n$30 per non-commercial vehicle with a capacity of 15 or less.\n$15 per person traveling in a non-commercial vehicle with a capacity of 16 or more. Fees will not exceed the commercial rate for the same sized vehicle. Youth 15 and younger are free. Individuals or families with a valid annual or lifetime pass may use their pass for themselves and up to 3 others.', 'informationUrl': 'https://www.nps.gov/bibe/planyourvisit/fees.htm', 'id': '03E4A538-993E-49D1-9DF2-4077BB4D2E72', 'npsGovPurchaseUrl': ''}, {'entranceFeeType': 'Commercial Entrance - Mini-bus', 'startDate': {'month': 1, 'holiday': None, 'day': 1}, 'paymentDescription': '', 'recGovPurchaseUrl': '', 'timedEntryLocation': '', 'endDate': {'month': 12, 'holiday': None, 'day': 31}, 'exceptions': '', 'payGovPurchaseUrl': '', 'cost': '100.00', 'timedEntryShortDescription': '', 'description': 'This fee is valid for seven consecutive days. A commercial use authorization is required.\n\nhttps://www.nps.gov/bibe/learn/management/cua.htm', 'informationUrl': 'https://www.nps.gov/bibe/planyourvisit/fees.htm', 'id': '98E7967E-AF63-42CE-89FB-889E25993268', 'npsGovPurchaseUrl': ''}, {'entranceFeeType': 'Commercial Entrance - Sedan', 'startDate': {'month': 1, 'holiday': None, 'day': 1}, 'paymentDescription': '', 'recGovPurchaseUrl': '', 'timedEntryLocation': '', 'endDate': {'month': 12, 'holiday': None, 'day': 31}, 'exceptions': '', 'payGovPurchaseUrl': '', 'cost': '25.00', 'timedEntryShortDescription': '', 'description': 'These fees are charged only to commercial organizations, such as tour companies. This fee is determined by the seating capacity of the vehicle. For sedan with 1 to 6 seats, the fee is $30 + $15 per client.\nThis fee is valid for seven consecutive days. A commercial use authorization is required.', 'informationUrl': 'https://www.nps.gov/bibe/planyourvisit/fees.htm', 'id': 'CAE237B6-1A9E-452F-9297-05AF3C31A557', 'npsGovPurchaseUrl': ''}]",https://www.nps.gov/bibe/learn/management/yourdollarsatwork.htm,False,True,False,False,,,bibe,,"[{'exceptions': '', 'payGovPurchaseUrl': '', 'cost': '55.00', 'image': [{'credit': 'NPS', 'title': 'Big Bend Annual Pass', 'altText': 'Big Bend Annual Pass', 'caption': 'Big Bend Annual Pass', 'url': 'https://www.nps.gov/common/uploads/entrance_pass/4DB95886-F83D-249C-EF21CE7998AFBE63.jpg'}], 'description': 'Big Bend National Park Annual Pass\nCovers entrance fees to Big Bend National Park. Pass is available at Big Bend National Park entrance stations or any visitor center. Good for one year from purchase date. Pass is non-transferable.', 'paymentDescription': '', 'category': 'Annual Entrance - Park', 'informationUrl': 'https://www.nps.gov/bibe/planyourvisit/fees.htm', 'recGovPurchaseUrl': '', 'id': '1D57EDC7-BE8C-4F8E-8F0D-5370C0A0DDEE', 'npsGovPurchaseUrl': ''}]",[],,
bica,No,"{'entranceFee': 1, 'timedEntry': 2, 'paidParking': 3, 'customFee': 4}",,,,,,,[],,True,False,False,False,,,bica,,[],[],,
bicr,,"{'entranceFee': 1, 'timedEntry': 1, 'paidParking': 1, 'customFee': 4}",,,,,,,[],,True,False,False,False,,,bicr,,[],[],,
bicy,,"{'entranceFee': 1, 'timedEntry': 1, 'paidParking': 1, 'customFee': 4}",,,,,Big Cypress is a Fee Free Park!,Big Cypress National Preserve is a fee free park and an entrance pass is not required.,[],,True,False,False,False,,,bicy,,[],[],,
biho,,"{'entranceFee': 1, 'timedEntry': 1, 'paidParking': 1, 'customFee': 4}",,,,,,,[],,True,False,False,False,,,biho,,[],[],,
bisc,,"{'entranceFee': 1, 'timedEntry': 1, 'paidParking': 1, 'customFee': 4}",,,,,,,[],,True,False,True,True,,,bisc,https://www.nps.gov/bisc/planyourvisit/fees.htm,[],[],,
biso,Depends on Location,"{'entranceFee': 1, 'timedEntry': 1, 'paidParking': 1, 'customFee': 4}",,,,,"This is an ENTRANCE FEE FREE park. There are other fees that apply depending on the location and/or activity. For more information, visit this page: https://www.nps.gov/biso/planyourvisit/fees.htm",,[],https://www.nps.gov/biso/learn/management/yourdollarsatwork.htm,True,True,False,False,,,biso,,[],[],,
bith,,"{'entranceFee': 1, 'timedEntry': 1, 'paidParking': 1, 'customFee': 4}",,,,,,,[],,True,False,False,False,,,bith,,[],[],,
blca,No,"{'entranceFee': 1, 'timedEntry': 1, 'paidParking': 1, 'customFee': 4}",,,,,,,"[{'entranceFeeType': 'Entrance - Private Vehicle', 'startDate': {'month': 1, 'holiday': None, 'day': 1}, 'paymentDescription': '', 'recGovPurchaseUrl': '', 'timedEntryLocation': '', 'endDate': {'month': 12, 'holiday': None, 'day': 31}, 'exceptions': '', 'payGovPurchaseUrl': '', 'cost': '30.00', 'timedEntryShortDescription': '', 'description': '7-Day Vehicle Pass.  Entrance fees cover all persons in a single, private, non-commercial vehicle.', 'informationUrl': '', 'id': '35368C79-2CF2-45D9-BAD3-DF53F17FB14A', 'npsGovPurchaseUrl': ''}, {'entranceFeeType': 'Entrance - Motorcycle', 'startDate': {'month': 1, 'holiday': None, 'day': 1}, 'paymentDescription': '', 'recGovPurchaseUrl': '', 'timedEntryLocation': '', 'endDate': {'month': 12, 'holiday': None, 'day': 31}, 'exceptions': '', 'payGovPurchaseUrl': '', 'cost': '25.00', 'timedEntryShortDescription': '', 'description': '7-Day Motorcycle Pass.  Entrance fees cover all persons in a single, private, non-commercial vehicle.', 'informationUrl': '', 'id': '3A248B5E-015E-43A7-96F2-A766752E6961', 'npsGovPurchaseUrl': ''}, {'entranceFeeType': 'Entrance - Per Person', 'startDate': {'month': 1, 'holiday': None, 'day': 1}, 'paymentDescription': '', 'recGovPurchaseUrl': '', 'timedEntryLocation': '', 'endDate': {'month': 12, 'holiday': None, 'day': 31}, 'exceptions': 'There is no fee charged for persons 16 years of age or younger.', 'payGovPurchaseUrl': '', 'cost': '15.00', 'timedEntryShortDescription': '', 'description': '7-Day Individual Pass (pedestrian or bicycle)', 'informationUrl': '', 'id': '64018B44-AD0E-4700-878D-C6AD97FDDB95', 'npsGovPurchaseUrl': ''}, {'entranceFeeType': 'Commercial Entrance - Sedan', 'startDate': {'month': 1, 'holiday': None, 'day': 1}, 'paymentDescription': '', 'recGovPurchaseUrl': '', 'timedEntryLocation': '', 'endDate': {'month': 12, 'holiday': None, 'day': 31}, 'exceptions': '', 'payGovPurchaseUrl': '', 'cost': '25.00', 'timedEntryShortDescription': '', 'description': 'Commercial tour fee for vehicle/bus with seating capacity of 1-6 persons.  Fee is $25.00 per vehicle plus $7.00 per passenger.', 'informationUrl': '', 'id': '57153F85-B70F-4555-902C-507122B8B5D0', 'npsGovPurchaseUrl': ''}, {'entranceFeeType': 'Commercial Entrance - Van', 'startDate': {'month': 1, 'holiday': None, 'day': 1}, 'paymentDescription': '', 'recGovPurchaseUrl': '', 'timedEntryLocation': '', 'endDate': {'month': 12, 'holiday': None, 'day': 31}, 'exceptions': '', 'payGovPurchaseUrl': '', 'cost': '40.00', 'timedEntryShortDescription': '', 'description': 'Commercial tour fee for vehicle/bus with seating capacity of 7-25.  Fee is $40.00 per vehicle.', 'informationUrl': '', 'id': '575CBC6F-8A92-4E5C-A8DE-2DA7D1E00C96', 'npsGovPurchaseUrl': ''}, {'entranceFeeType': 'Commercial Entrance - Mini-bus', 'startDate': {'month': 1, 'holiday': None, 'day': 1}, 'paymentDescription': '', 'recGovPurchaseUrl': '', 'timedEntryLocation': '', 'endDate': {'month': 12, 'holiday': None, 'day': 31}, 'exceptions': '', 'payGovPurchaseUrl': '', 'cost': '40.00', 'timedEntryShortDescription': '', 'description': 'Commercial tour fee for vehicle/bus with seating capacity of 7-25.  Fee is $40.00 per vehicle.', 'informationUrl': '', 'id': '2BDC24E2-FD2F-4B30-AB7E-B816F8F703A7', 'npsGovPurchaseUrl': ''}, {'entranceFeeType': 'Commercial Entrance - Motor Coach', 'startDate': {'month': 1, 'holiday': None, 'day': 1}, 'paymentDescription': '', 'recGovPurchaseUrl': '', 'timedEntryLocation': '', 'endDate': {'month': 12, 'holiday': None, 'day': 31}, 'exceptions': '', 'payGovPurchaseUrl': '', 'cost': '100.00', 'timedEntryShortDescription': '', 'description': 'Commercial tour fee for vehicle/bus with seating capacity of 26 or more.  Fee is $100.00 per vehicle.', 'informationUrl': '', 'id': 'F87760B8-D501-4035-832D-5C6D2946D482', 'npsGovPurchaseUrl': ''}, {'entranceFeeType': 'Entrance - Non-commercial Groups', 'startDate': {'month': 1, 'holiday': None, 'day': 1}, 'paymentDescription': '', 'recGovPurchaseUrl': '', 'timedEntryLocation': '', 'endDate': {'month': 12, 'holiday': None, 'day': 31}, 'exceptions': '', 'payGovPurchaseUrl': '', 'cost': '30.00', 'timedEntryShortDescription': '', 'description': 'Non-commercial vehicles with a vehicle capacity of 15 or fewer: $30.00 per vehicle, regardless of the number of passengers.', 'informationUrl': '', 'id': '2F7C9123-F92E-433C-B253-C3390F8330E8', 'npsGovPurchaseUrl': ''}, {'entranceFeeType': 'Entrance - Non-commercial Groups', 'startDate': {'month': 1, 'holiday': None, 'day': 1}, 'paymentDescription': '', 'recGovPurchaseUrl': '', 'timedEntryLocation': '', 'endDate': {'month': 12, 'holiday': None, 'day': 31}, 'exceptions': '', 'payGovPurchaseUrl': '', 'cost': '15.00', 'timedEntryShortDescription': '', 'description': 'Non-commercial vehicles with a vehicle capacity of 16 or greater: $15.00 per passenger (including driver). Fees will not exceed the commercial fee for the same-sized vehicle. Youth 15 and under are free. Individuals or families with any valid Annual or Lifetime pass may use their pass for entry at the per-person rate. Pass and photo ID must be presented upon entry.', 'informationUrl': '', 'id': '1BF05EC1-6338-498E-AB65-8C5AC2C1BF4B', 'npsGovPurchaseUrl': ''}]",,False,True,False,False,,,blca,,"[{'exceptions': '', 'payGovPurchaseUrl': '', 'cost': '55.00', 'image': [{'credit': 'NPS Photo', 'title': 'Black Canyon of the Gunnison Annual Pass', 'altText': 'An image of Black Canyon with the sun setting over the canyon rim', 'caption': 'The Black Canyon Annual Pass allows entrance into Black Canyon of the Gunnison National Park for 12 months from the time of purchase.', 'url': 'https://www.nps.gov/common/uploads/entrance_pass/E60A557C-A038-6A89-F69151F6D594D1C0.png'}], 'description': 'An annual pass to Black Canyon of the Gunnison National Park is available for $55.00 at the South Rim entrance station from early April to late October, and at Recreation.gov. This pass admits the permit holder and all accompanying passengers in a single, private, noncommercial vehicle to the park. It is valid for 12 months from date of purchase and covers entrance fees only.', 'paymentDescription': '', 'category': 'Annual Entrance - Park', 'informationUrl': '', 'recGovPurchaseUrl': 'https://www.recreation.gov/sitepass/74332', 'id': 'BE12F089-EDAF-4E5F-98FF-7F559D8CBA0A', 'npsGovPurchaseUrl': ''}]",[],,
blri,Yes,"{'entranceFee': 1, 'timedEntry': 1, 'paidParking': 1, 'customFee': 4}",,,,,"No fee is charged to travel the Blue Ridge Parkway. There is a charge for camping in any of the campgrounds along the parkway. Visitors with the Senior Pass or Access Pass (formerly Golden Age or Golden Access Passports) pay a reduced camping fee. Some activities on the parkway require a permit, such as weddings, commercial tour groups or filming, agricultural leases, scientific research, and right of way access. Please go to our permits page for additional information. All National Parks & Federal Recreational Lands Passes are available at campground kiosks on the Parkway, during their operating season, typically from the end of May through October. During the Parkway's off-season (typically November through the end of May) passes can be ordered online through the US Geological Survey. For information visit Recreational Passes | USGS Store or call 1-888-275-8747.",,[],https://www.nps.gov/blri/planyourvisit/fees.htm,True,True,False,False,,,blri,,[],[],,
blrv,No,"{'entranceFee': 1, 'timedEntry': 1, 'paidParking': 1, 'customFee': 4}",,,,,,,[],,True,False,False,False,,,blrv,,[],[],,
blsc,,"{'entranceFee': 1, 'timedEntry': 1, 'paidParking': 1, 'customFee': 4}",,,,,,,[],,True,False,False,False,,,blsc,,[],[],,
blue,,"{'entranceFee': 1, 'timedEntry': 1, 'paidParking': 1, 'customFee': 4}",,,,,,,[],,True,False,False,False,,,blue,,[],[],,
boaf,,"{'entranceFee': 1, 'timedEntry': 1, 'paidParking': 1, 'customFee': 4}",,,,,,,[],,True,False,False,False,,,boaf,,[],[],,
boha,,"{'entranceFee': 1, 'timedEntry': 1, 'paidParking': 1, 'customFee': 4}",,,,,,,[],,True,False,False,False,,,boha,,[],[],,
